{"time": 1582828325, "high": 282.05999755859375, "low": 282.05999755859375, "open": 282.05999755859375, "close": 282.05999755859375, "volum": 0}
{"time": 1582834102, "high": 279.27398681640625, "low": 279.27398681640625, "open": 279.27398681640625, "close": 279.27398681640625, "volum": 0}
{"time": 1582834171, "high": 279.44000244140625, "low": 279.44000244140625, "open": 279.44000244140625, "close": 279.44000244140625, "volum": 0}
{"time": 1582834228, "high": 280.0799865722656, "low": 280.0799865722656, "open": 280.0799865722656, "close": 280.0799865722656, "volum": 0}
{"time": 1582834292, "high": 280.1632080078125, "low": 280.1632080078125, "open": 280.1632080078125, "close": 280.1632080078125, "volum": 0}
{"time": 1582834358, "high": 280.2900085449219, "low": 280.2900085449219, "open": 280.2900085449219, "close": 280.2900085449219, "volum": 0}
{"time": 1582834419, "high": 280.5419921875, "low": 280.5419921875, "open": 280.5419921875, "close": 280.5419921875, "volum": 0}
{"time": 1582834481, "high": 280.1549987792969, "low": 280.1549987792969, "open": 280.1549987792969, "close": 280.1549987792969, "volum": 0}
{"time": 1582834546, "high": 280.05999755859375, "low": 280.05999755859375, "open": 280.05999755859375, "close": 280.05999755859375, "volum": 0}
{"time": 1582834608, "high": 280.1400146484375, "low": 280.1400146484375, "open": 280.1400146484375, "close": 280.1400146484375, "volum": 0}
{"time": 1582834670, "high": 280.18011474609375, "low": 280.18011474609375, "open": 280.18011474609375, "close": 280.18011474609375, "volum": 0}
{"time": 1582834733, "high": 279.739990234375, "low": 279.739990234375, "open": 279.739990234375, "close": 279.739990234375, "volum": 0}
{"time": 1582834795, "high": 278.80999755859375, "low": 278.80999755859375, "open": 278.80999755859375, "close": 278.80999755859375, "volum": 0}
{"time": 1582834859, "high": 279.3399963378906, "low": 279.3399963378906, "open": 279.3399963378906, "close": 279.3399963378906, "volum": 0}
{"time": 1582834921, "high": 278.69000244140625, "low": 278.69000244140625, "open": 278.69000244140625, "close": 278.69000244140625, "volum": 0}
{"time": 1582834982, "high": 278.8999938964844, "low": 278.8999938964844, "open": 278.8999938964844, "close": 278.8999938964844, "volum": 0}
{"time": 1582835042, "high": 278.69000244140625, "low": 278.69000244140625, "open": 278.69000244140625, "close": 278.69000244140625, "volum": 0}
{"time": 1582835107, "high": 278.7850036621094, "low": 278.7850036621094, "open": 278.7850036621094, "close": 278.7850036621094, "volum": 0}
{"time": 1582835170, "high": 279.12139892578125, "low": 279.12139892578125, "open": 279.12139892578125, "close": 279.12139892578125, "volum": 0}
{"time": 1582835232, "high": 278.4670104980469, "low": 278.4670104980469, "open": 278.4670104980469, "close": 278.4670104980469, "volum": 0}
{"time": 1582835293, "high": 278.2101135253906, "low": 278.2101135253906, "open": 278.2101135253906, "close": 278.2101135253906, "volum": 0}
{"time": 1582835357, "high": 278.0, "low": 278.0, "open": 278.0, "close": 278.0, "volum": 0}
{"time": 1582835419, "high": 277.80999755859375, "low": 277.80999755859375, "open": 277.80999755859375, "close": 277.80999755859375, "volum": 0}
{"time": 1582835482, "high": 277.309814453125, "low": 277.309814453125, "open": 277.309814453125, "close": 277.309814453125, "volum": 0}
{"time": 1582835544, "high": 277.20831298828125, "low": 277.20831298828125, "open": 277.20831298828125, "close": 277.20831298828125, "volum": 0}
{"time": 1582835606, "high": 277.3998107910156, "low": 277.3998107910156, "open": 277.3998107910156, "close": 277.3998107910156, "volum": 0}
{"time": 1582835668, "high": 277.7665100097656, "low": 277.7665100097656, "open": 277.7665100097656, "close": 277.7665100097656, "volum": 0}
{"time": 1582835731, "high": 277.4100036621094, "low": 277.4100036621094, "open": 277.4100036621094, "close": 277.4100036621094, "volum": 0}
{"time": 1582835779, "high": 277.1400146484375, "low": 277.1400146484375, "open": 277.1400146484375, "close": 277.1400146484375, "volum": 0}
{"time": 1582835855, "high": 277.239990234375, "low": 277.239990234375, "open": 277.239990234375, "close": 277.239990234375, "volum": 0}
{"time": 1582835917, "high": 276.6099853515625, "low": 276.6099853515625, "open": 276.6099853515625, "close": 276.6099853515625, "volum": 0}
{"time": 1582835971, "high": 276.6700134277344, "low": 276.6700134277344, "open": 276.6700134277344, "close": 276.6700134277344, "volum": 0}
{"time": 1582836042, "high": 276.5899963378906, "low": 276.5899963378906, "open": 276.5899963378906, "close": 276.5899963378906, "volum": 0}
{"time": 1582836105, "high": 276.55499267578125, "low": 276.55499267578125, "open": 276.55499267578125, "close": 276.55499267578125, "volum": 0}
{"time": 1582836168, "high": 276.17498779296875, "low": 276.17498779296875, "open": 276.17498779296875, "close": 276.17498779296875, "volum": 0}
{"time": 1582836229, "high": 276.1549987792969, "low": 276.1549987792969, "open": 276.1549987792969, "close": 276.1549987792969, "volum": 0}
{"time": 1582836292, "high": 276.5400085449219, "low": 276.5400085449219, "open": 276.5400085449219, "close": 276.5400085449219, "volum": 0}
{"time": 1582836353, "high": 276.7745056152344, "low": 276.7745056152344, "open": 276.7745056152344, "close": 276.7745056152344, "volum": 0}
{"time": 1582836416, "high": 276.0928039550781, "low": 276.0928039550781, "open": 276.0928039550781, "close": 276.0928039550781, "volum": 0}
{"time": 1582836479, "high": 276.9541015625, "low": 276.9541015625, "open": 276.9541015625, "close": 276.9541015625, "volum": 0}
{"time": 1582836542, "high": 276.8999938964844, "low": 276.8999938964844, "open": 276.8999938964844, "close": 276.8999938964844, "volum": 0}
{"time": 1582836600, "high": 276.4750061035156, "low": 276.4750061035156, "open": 276.4750061035156, "close": 276.4750061035156, "volum": 0}
{"time": 1582836666, "high": 276.07000732421875, "low": 276.07000732421875, "open": 276.07000732421875, "close": 276.07000732421875, "volum": 0}
{"time": 1582836720, "high": 275.7074890136719, "low": 275.7074890136719, "open": 275.7074890136719, "close": 275.7074890136719, "volum": 0}
{"time": 1582836791, "high": 275.29998779296875, "low": 275.29998779296875, "open": 275.29998779296875, "close": 275.29998779296875, "volum": 0}
{"time": 1582836850, "high": 275.260009765625, "low": 275.260009765625, "open": 275.260009765625, "close": 275.260009765625, "volum": 0}
{"time": 1582836914, "high": 274.9599914550781, "low": 274.9599914550781, "open": 274.9599914550781, "close": 274.9599914550781, "volum": 0}
{"time": 1582836978, "high": 275.260009765625, "low": 275.260009765625, "open": 275.260009765625, "close": 275.260009765625, "volum": 0}
{"time": 1582837040, "high": 274.8800048828125, "low": 274.8800048828125, "open": 274.8800048828125, "close": 274.8800048828125, "volum": 0}
{"time": 1582837102, "high": 274.4700012207031, "low": 274.4700012207031, "open": 274.4700012207031, "close": 274.4700012207031, "volum": 0}
{"time": 1582837157, "high": 274.4200134277344, "low": 274.4200134277344, "open": 274.4200134277344, "close": 274.4200134277344, "volum": 0}
{"time": 1582837140, "high": null, "low": null, "open": null, "close": null, "volum": null}
