{"time": 1582828321, "high": 705.1696166992188, "low": 705.1696166992188, "open": 705.1696166992188, "close": 705.1696166992188, "volum": 0}
{"time": 1582834112, "high": 690.2852783203125, "low": 690.2852783203125, "open": 690.2852783203125, "close": 690.2852783203125, "volum": 0}
{"time": 1582834170, "high": 692.510009765625, "low": 692.510009765625, "open": 692.510009765625, "close": 692.510009765625, "volum": 0}
{"time": 1582834228, "high": 695.9600219726562, "low": 695.9600219726562, "open": 695.9600219726562, "close": 695.9600219726562, "volum": 0}
{"time": 1582834287, "high": 695.0, "low": 695.0, "open": 695.0, "close": 695.0, "volum": 0}
{"time": 1582834325, "high": 698.3200073242188, "low": 698.3200073242188, "open": 698.3200073242188, "close": 698.3200073242188, "volum": 0}
{"time": 1582834419, "high": 697.0888061523438, "low": 697.0888061523438, "open": 697.0888061523438, "close": 697.0888061523438, "volum": 0}
{"time": 1582834481, "high": 697.0, "low": 697.0, "open": 697.0, "close": 697.0, "volum": 0}
{"time": 1582834545, "high": 696.3704833984375, "low": 696.3704833984375, "open": 696.3704833984375, "close": 696.3704833984375, "volum": 0}
{"time": 1582834608, "high": 696.22998046875, "low": 696.22998046875, "open": 696.22998046875, "close": 696.22998046875, "volum": 0}
{"time": 1582834671, "high": 694.4299926757812, "low": 694.4299926757812, "open": 694.4299926757812, "close": 694.4299926757812, "volum": 0}
{"time": 1582834730, "high": 693.3933715820312, "low": 693.3933715820312, "open": 693.3933715820312, "close": 693.3933715820312, "volum": 0}
{"time": 1582834794, "high": 689.0, "low": 689.0, "open": 689.0, "close": 689.0, "volum": 0}
{"time": 1582834853, "high": 691.1300048828125, "low": 691.1300048828125, "open": 691.1300048828125, "close": 691.1300048828125, "volum": 0}
{"time": 1582834920, "high": 688.02001953125, "low": 688.02001953125, "open": 688.02001953125, "close": 688.02001953125, "volum": 0}
{"time": 1582834981, "high": 686.8400268554688, "low": 686.8400268554688, "open": 686.8400268554688, "close": 686.8400268554688, "volum": 0}
{"time": 1582835045, "high": 687.1710205078125, "low": 687.1710205078125, "open": 687.1710205078125, "close": 687.1710205078125, "volum": 0}
{"time": 1582835104, "high": 687.7150268554688, "low": 687.7150268554688, "open": 687.7150268554688, "close": 687.7150268554688, "volum": 0}
{"time": 1582835169, "high": 689.6300048828125, "low": 689.6300048828125, "open": 689.6300048828125, "close": 689.6300048828125, "volum": 0}
{"time": 1582835231, "high": 689.8699951171875, "low": 689.8699951171875, "open": 689.8699951171875, "close": 689.8699951171875, "volum": 0}
{"time": 1582835294, "high": 689.25, "low": 689.25, "open": 689.25, "close": 689.25, "volum": 0}
{"time": 1582835333, "high": 688.1651000976562, "low": 688.1651000976562, "open": 688.1651000976562, "close": 688.1651000976562, "volum": 0}
{"time": 1582835418, "high": 689.22998046875, "low": 689.22998046875, "open": 689.22998046875, "close": 689.22998046875, "volum": 0}
{"time": 1582835476, "high": 687.7999877929688, "low": 687.7999877929688, "open": 687.7999877929688, "close": 687.7999877929688, "volum": 0}
{"time": 1582835543, "high": 686.6934204101562, "low": 686.6934204101562, "open": 686.6934204101562, "close": 686.6934204101562, "volum": 0}
{"time": 1582835606, "high": 688.155517578125, "low": 688.155517578125, "open": 688.155517578125, "close": 688.155517578125, "volum": 0}
{"time": 1582835668, "high": 690.1300048828125, "low": 690.1300048828125, "open": 690.1300048828125, "close": 690.1300048828125, "volum": 0}
{"time": 1582835729, "high": 690.2031860351562, "low": 690.2031860351562, "open": 690.2031860351562, "close": 690.2031860351562, "volum": 0}
{"time": 1582835792, "high": 688.52001953125, "low": 688.52001953125, "open": 688.52001953125, "close": 688.52001953125, "volum": 0}
{"time": 1582835856, "high": 685.010009765625, "low": 685.010009765625, "open": 685.010009765625, "close": 685.010009765625, "volum": 0}
{"time": 1582835914, "high": 684.5800170898438, "low": 684.5800170898438, "open": 684.5800170898438, "close": 684.5800170898438, "volum": 0}
{"time": 1582835976, "high": 685.0999755859375, "low": 685.0999755859375, "open": 685.0999755859375, "close": 685.0999755859375, "volum": 0}
{"time": 1582836042, "high": 683.8499755859375, "low": 683.8499755859375, "open": 683.8499755859375, "close": 683.8499755859375, "volum": 0}
{"time": 1582836105, "high": 683.1298828125, "low": 683.1298828125, "open": 683.1298828125, "close": 683.1298828125, "volum": 0}
{"time": 1582836168, "high": 680.2100219726562, "low": 680.2100219726562, "open": 680.2100219726562, "close": 680.2100219726562, "volum": 0}
{"time": 1582836230, "high": 680.0780029296875, "low": 680.0780029296875, "open": 680.0780029296875, "close": 680.0780029296875, "volum": 0}
{"time": 1582836292, "high": 680.038818359375, "low": 680.038818359375, "open": 680.038818359375, "close": 680.038818359375, "volum": 0}
{"time": 1582836355, "high": 683.0, "low": 683.0, "open": 683.0, "close": 683.0, "volum": 0}
{"time": 1582836400, "high": 683.0, "low": 683.0, "open": 683.0, "close": 683.0, "volum": 0}
{"time": 1582836478, "high": 683.8566284179688, "low": 683.8566284179688, "open": 683.8566284179688, "close": 683.8566284179688, "volum": 0}
{"time": 1582836541, "high": 682.969970703125, "low": 682.969970703125, "open": 682.969970703125, "close": 682.969970703125, "volum": 0}
{"time": 1582836600, "high": 682.8167724609375, "low": 682.8167724609375, "open": 682.8167724609375, "close": 682.8167724609375, "volum": 0}
{"time": 1582836666, "high": 682.0900268554688, "low": 682.0900268554688, "open": 682.0900268554688, "close": 682.0900268554688, "volum": 0}
{"time": 1582836721, "high": 681.1099853515625, "low": 681.1099853515625, "open": 681.1099853515625, "close": 681.1099853515625, "volum": 0}
{"time": 1582836790, "high": 679.97998046875, "low": 679.97998046875, "open": 679.97998046875, "close": 679.97998046875, "volum": 0}
{"time": 1582836850, "high": 677.8599243164062, "low": 677.8599243164062, "open": 677.8599243164062, "close": 677.8599243164062, "volum": 0}
{"time": 1582836914, "high": 680.1900024414062, "low": 680.1900024414062, "open": 680.1900024414062, "close": 680.1900024414062, "volum": 0}
{"time": 1582836977, "high": 681.3800048828125, "low": 681.3800048828125, "open": 681.3800048828125, "close": 681.3800048828125, "volum": 0}
{"time": 1582837040, "high": 681.1796875, "low": 681.1796875, "open": 681.1796875, "close": 681.1796875, "volum": 0}
{"time": 1582837102, "high": 679.280029296875, "low": 679.280029296875, "open": 679.280029296875, "close": 679.280029296875, "volum": 0}
{"time": 1582837157, "high": 678.5999755859375, "low": 678.5999755859375, "open": 678.5999755859375, "close": 678.5999755859375, "volum": 0}
{"time": 1582837140, "high": null, "low": null, "open": null, "close": null, "volum": null}
