{"time": 1582828325, "high": 282.05999755859375, "low": 282.05999755859375, "open": 282.05999755859375, "close": 282.05999755859375, "volum": 0}
