{"time": 1582828323, "high": 1943.260009765625, "low": 1943.260009765625, "open": 1943.260009765625, "close": 1943.260009765625, "volum": 0}
{"time": 1582834110, "high": 1913.2969970703125, "low": 1913.2969970703125, "open": 1913.2969970703125, "close": 1913.2969970703125, "volum": 0}
{"time": 1582834169, "high": 1913.260009765625, "low": 1913.260009765625, "open": 1913.260009765625, "close": 1913.260009765625, "volum": 0}
{"time": 1582834226, "high": 1919.77001953125, "low": 1919.77001953125, "open": 1919.77001953125, "close": 1919.77001953125, "volum": 0}
{"time": 1582834290, "high": 1918.0, "low": 1918.0, "open": 1918.0, "close": 1918.0, "volum": 0}
{"time": 1582834357, "high": 1916.989990234375, "low": 1916.989990234375, "open": 1916.989990234375, "close": 1916.989990234375, "volum": 0}
{"time": 1582834404, "high": 1917.739990234375, "low": 1917.739990234375, "open": 1917.739990234375, "close": 1917.739990234375, "volum": 0}
{"time": 1582834459, "high": 1916.219970703125, "low": 1916.219970703125, "open": 1916.219970703125, "close": 1916.219970703125, "volum": 0}
{"time": 1582834542, "high": 1912.6500244140625, "low": 1912.6500244140625, "open": 1912.6500244140625, "close": 1912.6500244140625, "volum": 0}
{"time": 1582834602, "high": 1914.3699951171875, "low": 1914.3699951171875, "open": 1914.3699951171875, "close": 1914.3699951171875, "volum": 0}
{"time": 1582834661, "high": 1913.050048828125, "low": 1913.050048828125, "open": 1913.050048828125, "close": 1913.050048828125, "volum": 0}
{"time": 1582834733, "high": 1912.9000244140625, "low": 1912.9000244140625, "open": 1912.9000244140625, "close": 1912.9000244140625, "volum": 0}
{"time": 1582834787, "high": 1908.66259765625, "low": 1908.66259765625, "open": 1908.66259765625, "close": 1908.66259765625, "volum": 0}
{"time": 1582834855, "high": 1911.155029296875, "low": 1911.155029296875, "open": 1911.155029296875, "close": 1911.155029296875, "volum": 0}
{"time": 1582834918, "high": 1908.4268798828125, "low": 1908.4268798828125, "open": 1908.4268798828125, "close": 1908.4268798828125, "volum": 0}
{"time": 1582834981, "high": 1907.93994140625, "low": 1907.93994140625, "open": 1907.93994140625, "close": 1907.93994140625, "volum": 0}
{"time": 1582835042, "high": 1907.2900390625, "low": 1907.2900390625, "open": 1907.2900390625, "close": 1907.2900390625, "volum": 0}
{"time": 1582835106, "high": 1906.780029296875, "low": 1906.780029296875, "open": 1906.780029296875, "close": 1906.780029296875, "volum": 0}
{"time": 1582835168, "high": 1908.5400390625, "low": 1908.5400390625, "open": 1908.5400390625, "close": 1908.5400390625, "volum": 0}
{"time": 1582835231, "high": 1906.0, "low": 1906.0, "open": 1906.0, "close": 1906.0, "volum": 0}
{"time": 1582835292, "high": 1904.5902099609375, "low": 1904.5902099609375, "open": 1904.5902099609375, "close": 1904.5902099609375, "volum": 0}
{"time": 1582835357, "high": 1904.1199951171875, "low": 1904.1199951171875, "open": 1904.1199951171875, "close": 1904.1199951171875, "volum": 0}
{"time": 1582835419, "high": 1903.0400390625, "low": 1903.0400390625, "open": 1903.0400390625, "close": 1903.0400390625, "volum": 0}
{"time": 1582835480, "high": 1900.9110107421875, "low": 1900.9110107421875, "open": 1900.9110107421875, "close": 1900.9110107421875, "volum": 0}
{"time": 1582835542, "high": 1901.0400390625, "low": 1901.0400390625, "open": 1901.0400390625, "close": 1901.0400390625, "volum": 0}
{"time": 1582835598, "high": 1901.458984375, "low": 1901.458984375, "open": 1901.458984375, "close": 1901.458984375, "volum": 0}
{"time": 1582835668, "high": 1904.550048828125, "low": 1904.550048828125, "open": 1904.550048828125, "close": 1904.550048828125, "volum": 0}
{"time": 1582835723, "high": 1902.199951171875, "low": 1902.199951171875, "open": 1902.199951171875, "close": 1902.199951171875, "volum": 0}
{"time": 1582835791, "high": 1904.8399658203125, "low": 1904.8399658203125, "open": 1904.8399658203125, "close": 1904.8399658203125, "volum": 0}
{"time": 1582835855, "high": 1903.18994140625, "low": 1903.18994140625, "open": 1903.18994140625, "close": 1903.18994140625, "volum": 0}
{"time": 1582835917, "high": 1900.949951171875, "low": 1900.949951171875, "open": 1900.949951171875, "close": 1900.949951171875, "volum": 0}
{"time": 1582835979, "high": 1902.0400390625, "low": 1902.0400390625, "open": 1902.0400390625, "close": 1902.0400390625, "volum": 0}
{"time": 1582836038, "high": 1901.5384521484375, "low": 1901.5384521484375, "open": 1901.5384521484375, "close": 1901.5384521484375, "volum": 0}
{"time": 1582836104, "high": 1901.6650390625, "low": 1901.6650390625, "open": 1901.6650390625, "close": 1901.6650390625, "volum": 0}
{"time": 1582836163, "high": 1900.75, "low": 1900.75, "open": 1900.75, "close": 1900.75, "volum": 0}
{"time": 1582836229, "high": 1900.0, "low": 1900.0, "open": 1900.0, "close": 1900.0, "volum": 0}
{"time": 1582836291, "high": 1898.6500244140625, "low": 1898.6500244140625, "open": 1898.6500244140625, "close": 1898.6500244140625, "volum": 0}
{"time": 1582836349, "high": 1901.4599609375, "low": 1901.4599609375, "open": 1901.4599609375, "close": 1901.4599609375, "volum": 0}
{"time": 1582836416, "high": 1898.6199951171875, "low": 1898.6199951171875, "open": 1898.6199951171875, "close": 1898.6199951171875, "volum": 0}
{"time": 1582836477, "high": 1902.52001953125, "low": 1902.52001953125, "open": 1902.52001953125, "close": 1902.52001953125, "volum": 0}
{"time": 1582836541, "high": 1902.0, "low": 1902.0, "open": 1902.0, "close": 1902.0, "volum": 0}
{"time": 1582836600, "high": 1902.0872802734375, "low": 1902.0872802734375, "open": 1902.0872802734375, "close": 1902.0872802734375, "volum": 0}
{"time": 1582836666, "high": 1895.344970703125, "low": 1895.344970703125, "open": 1895.344970703125, "close": 1895.344970703125, "volum": 0}
{"time": 1582836720, "high": 1895.4200439453125, "low": 1895.4200439453125, "open": 1895.4200439453125, "close": 1895.4200439453125, "volum": 0}
{"time": 1582836790, "high": 1895.510009765625, "low": 1895.510009765625, "open": 1895.510009765625, "close": 1895.510009765625, "volum": 0}
{"time": 1582836849, "high": 1897.0400390625, "low": 1897.0400390625, "open": 1897.0400390625, "close": 1897.0400390625, "volum": 0}
{"time": 1582836914, "high": 1895.5799560546875, "low": 1895.5799560546875, "open": 1895.5799560546875, "close": 1895.5799560546875, "volum": 0}
{"time": 1582836972, "high": 1894.0, "low": 1894.0, "open": 1894.0, "close": 1894.0, "volum": 0}
{"time": 1582837038, "high": 1891.614990234375, "low": 1891.614990234375, "open": 1891.614990234375, "close": 1891.614990234375, "volum": 0}
{"time": 1582837102, "high": 1886.77001953125, "low": 1886.77001953125, "open": 1886.77001953125, "close": 1886.77001953125, "volum": 0}
{"time": 1582837157, "high": 1890.2099609375, "low": 1890.2099609375, "open": 1890.2099609375, "close": 1890.2099609375, "volum": 0}
{"time": 1582837140, "high": null, "low": null, "open": null, "close": null, "volum": null}
