{"time": 1582828323, "high": 1943.260009765625, "low": 1943.260009765625, "open": 1943.260009765625, "close": 1943.260009765625, "volum": 0}
