{"time": 1582828320, "high": null, "low": null, "open": null, "close": null, "volum": null}
{"time": 1582834080, "high": null, "low": null, "open": null, "close": null, "volum": null}
{"time": 1582834140, "high": null, "low": null, "open": null, "close": null, "volum": null}
{"time": 1582834200, "high": null, "low": null, "open": null, "close": null, "volum": null}
{"time": 1582834266, "high": 205.55999755859375, "low": 205.55999755859375, "open": 205.55999755859375, "close": 205.55999755859375, "volum": 0}
{"time": 1582834320, "high": null, "low": null, "open": null, "close": null, "volum": null}
{"time": 1582834380, "high": null, "low": null, "open": null, "close": null, "volum": null}
{"time": 1582834440, "high": null, "low": null, "open": null, "close": null, "volum": null}
{"time": 1582834500, "high": null, "low": null, "open": null, "close": null, "volum": null}
{"time": 1582834560, "high": null, "low": null, "open": null, "close": null, "volum": null}
{"time": 1582834620, "high": null, "low": null, "open": null, "close": null, "volum": null}
{"time": 1582834680, "high": null, "low": null, "open": null, "close": null, "volum": null}
{"time": 1582834740, "high": null, "low": null, "open": null, "close": null, "volum": null}
{"time": 1582834833, "high": 204.74000549316406, "low": 204.74000549316406, "open": 204.74000549316406, "close": 204.74000549316406, "volum": 0}
{"time": 1582834920, "high": null, "low": null, "open": null, "close": null, "volum": null}
{"time": 1582834980, "high": null, "low": null, "open": null, "close": null, "volum": null}
{"time": 1582835040, "high": null, "low": null, "open": null, "close": null, "volum": null}
{"time": 1582835077, "high": 204.77499389648438, "low": 204.77499389648438, "open": 204.77499389648438, "close": 204.77499389648438, "volum": 0}
{"time": 1582835160, "high": null, "low": null, "open": null, "close": null, "volum": null}
{"time": 1582835227, "high": 204.71499633789062, "low": 204.71499633789062, "open": 204.71499633789062, "close": 204.71499633789062, "volum": 0}
{"time": 1582835293, "high": 204.5850067138672, "low": 204.5850067138672, "open": 204.5850067138672, "close": 204.5850067138672, "volum": 0}
{"time": 1582835357, "high": 204.72999572753906, "low": 204.72999572753906, "open": 204.72999572753906, "close": 204.72999572753906, "volum": 0}
{"time": 1582835400, "high": null, "low": null, "open": null, "close": null, "volum": null}
{"time": 1582835470, "high": 204.17999267578125, "low": 204.17999267578125, "open": 204.17999267578125, "close": 204.17999267578125, "volum": 0}
{"time": 1582835520, "high": null, "low": null, "open": null, "close": null, "volum": null}
{"time": 1582835580, "high": null, "low": null, "open": null, "close": null, "volum": null}
{"time": 1582835660, "high": 204.1699981689453, "low": 204.1699981689453, "open": 204.1699981689453, "close": 204.1699981689453, "volum": 0}
{"time": 1582835711, "high": 204.14149475097656, "low": 204.14149475097656, "open": 204.14149475097656, "close": 204.14149475097656, "volum": 0}
{"time": 1582835760, "high": null, "low": null, "open": null, "close": null, "volum": null}
{"time": 1582835820, "high": null, "low": null, "open": null, "close": null, "volum": null}
{"time": 1582835880, "high": null, "low": null, "open": null, "close": null, "volum": null}
{"time": 1582835940, "high": null, "low": null, "open": null, "close": null, "volum": null}
{"time": 1582836021, "high": 204.0341033935547, "low": 204.0341033935547, "open": 204.0341033935547, "close": 204.0341033935547, "volum": 0}
{"time": 1582836089, "high": 204.125, "low": 204.125, "open": 204.125, "close": 204.125, "volum": 0}
{"time": 1582836167, "high": 204.125, "low": 204.125, "open": 204.125, "close": 204.125, "volum": 0}
{"time": 1582836167, "high": 204.125, "low": 204.125, "open": 204.125, "close": 204.125, "volum": 0}
{"time": 1582836259, "high": 204.1300048828125, "low": 204.1300048828125, "open": 204.1300048828125, "close": 204.1300048828125, "volum": 0}
{"time": 1582836311, "high": 204.1300048828125, "low": 204.1300048828125, "open": 204.1300048828125, "close": 204.1300048828125, "volum": 0}
{"time": 1582836394, "high": 204.05999755859375, "low": 204.05999755859375, "open": 204.05999755859375, "close": 204.05999755859375, "volum": 0}
{"time": 1582836470, "high": 203.8699951171875, "low": 203.8699951171875, "open": 203.8699951171875, "close": 203.8699951171875, "volum": 0}
{"time": 1582836540, "high": null, "low": null, "open": null, "close": null, "volum": null}
{"time": 1582836600, "high": null, "low": null, "open": null, "close": null, "volum": null}
{"time": 1582836660, "high": null, "low": null, "open": null, "close": null, "volum": null}
{"time": 1582836720, "high": null, "low": null, "open": null, "close": null, "volum": null}
{"time": 1582836780, "high": null, "low": null, "open": null, "close": null, "volum": null}
{"time": 1582836840, "high": null, "low": null, "open": null, "close": null, "volum": null}
{"time": 1582836874, "high": 202.1999969482422, "low": 202.1999969482422, "open": 202.1999969482422, "close": 202.1999969482422, "volum": 0}
{"time": 1582836963, "high": 201.08999633789062, "low": 201.08999633789062, "open": 201.08999633789062, "close": 201.08999633789062, "volum": 0}
{"time": 1582837038, "high": 201.7100067138672, "low": 201.7100067138672, "open": 201.7100067138672, "close": 201.7100067138672, "volum": 0}
{"time": 1582837100, "high": 201.71499633789062, "low": 201.71499633789062, "open": 201.71499633789062, "close": 201.71499633789062, "volum": 0}
{"time": 1582837132, "high": 201.10000610351562, "low": 201.10000610351562, "open": 201.10000610351562, "close": 201.10000610351562, "volum": 0}
{"time": 1582837140, "high": null, "low": null, "open": null, "close": null, "volum": null}
