{"time": 1582828321, "high": 1358.6500244140625, "low": 1358.6500244140625, "open": 1358.6500244140625, "close": 1358.6500244140625, "volum": 0}
