{"time": 1582828321, "high": 1358.6500244140625, "low": 1358.6500244140625, "open": 1358.6500244140625, "close": 1358.6500244140625, "volum": 0}
{"time": 1582834107, "high": 1343.0999755859375, "low": 1343.0999755859375, "open": 1343.0999755859375, "close": 1343.0999755859375, "volum": 0}
{"time": 1582834162, "high": 1344.4241943359375, "low": 1344.4241943359375, "open": 1344.4241943359375, "close": 1344.4241943359375, "volum": 0}
{"time": 1582834227, "high": 1347.510009765625, "low": 1347.510009765625, "open": 1347.510009765625, "close": 1347.510009765625, "volum": 0}
{"time": 1582834284, "high": 1346.1800537109375, "low": 1346.1800537109375, "open": 1346.1800537109375, "close": 1346.1800537109375, "volum": 0}
{"time": 1582834342, "high": 1347.0250244140625, "low": 1347.0250244140625, "open": 1347.0250244140625, "close": 1347.0250244140625, "volum": 0}
{"time": 1582834419, "high": 1347.1544189453125, "low": 1347.1544189453125, "open": 1347.1544189453125, "close": 1347.1544189453125, "volum": 0}
{"time": 1582834458, "high": 1346.1309814453125, "low": 1346.1309814453125, "open": 1346.1309814453125, "close": 1346.1309814453125, "volum": 0}
{"time": 1582834541, "high": 1345.5400390625, "low": 1345.5400390625, "open": 1345.5400390625, "close": 1345.5400390625, "volum": 0}
{"time": 1582834596, "high": 1345.449951171875, "low": 1345.449951171875, "open": 1345.449951171875, "close": 1345.449951171875, "volum": 0}
{"time": 1582834670, "high": 1345.52001953125, "low": 1345.52001953125, "open": 1345.52001953125, "close": 1345.52001953125, "volum": 0}
{"time": 1582834730, "high": 1345.1400146484375, "low": 1345.1400146484375, "open": 1345.1400146484375, "close": 1345.1400146484375, "volum": 0}
{"time": 1582834792, "high": 1341.7266845703125, "low": 1341.7266845703125, "open": 1341.7266845703125, "close": 1341.7266845703125, "volum": 0}
{"time": 1582834853, "high": 1344.5699462890625, "low": 1344.5699462890625, "open": 1344.5699462890625, "close": 1344.5699462890625, "volum": 0}
{"time": 1582834909, "high": 1342.125, "low": 1342.125, "open": 1342.125, "close": 1342.125, "volum": 0}
{"time": 1582834971, "high": 1341.0, "low": 1341.0, "open": 1341.0, "close": 1341.0, "volum": 0}
{"time": 1582835041, "high": 1339.56005859375, "low": 1339.56005859375, "open": 1339.56005859375, "close": 1339.56005859375, "volum": 0}
{"time": 1582835106, "high": 1338.949951171875, "low": 1338.949951171875, "open": 1338.949951171875, "close": 1338.949951171875, "volum": 0}
{"time": 1582835168, "high": 1340.06005859375, "low": 1340.06005859375, "open": 1340.06005859375, "close": 1340.06005859375, "volum": 0}
{"time": 1582835220, "high": 1339.56005859375, "low": 1339.56005859375, "open": 1339.56005859375, "close": 1339.56005859375, "volum": 0}
{"time": 1582835293, "high": 1338.1199951171875, "low": 1338.1199951171875, "open": 1338.1199951171875, "close": 1338.1199951171875, "volum": 0}
{"time": 1582835356, "high": 1336.7470703125, "low": 1336.7470703125, "open": 1336.7470703125, "close": 1336.7470703125, "volum": 0}
{"time": 1582835417, "high": 1335.8299560546875, "low": 1335.8299560546875, "open": 1335.8299560546875, "close": 1335.8299560546875, "volum": 0}
{"time": 1582835476, "high": 1335.5400390625, "low": 1335.5400390625, "open": 1335.5400390625, "close": 1335.5400390625, "volum": 0}
{"time": 1582835539, "high": 1334.02001953125, "low": 1334.02001953125, "open": 1334.02001953125, "close": 1334.02001953125, "volum": 0}
{"time": 1582835600, "high": 1333.469970703125, "low": 1333.469970703125, "open": 1333.469970703125, "close": 1333.469970703125, "volum": 0}
{"time": 1582835660, "high": 1335.260009765625, "low": 1335.260009765625, "open": 1335.260009765625, "close": 1335.260009765625, "volum": 0}
{"time": 1582835723, "high": 1334.489990234375, "low": 1334.489990234375, "open": 1334.489990234375, "close": 1334.489990234375, "volum": 0}
{"time": 1582835778, "high": 1334.0, "low": 1334.0, "open": 1334.0, "close": 1334.0, "volum": 0}
{"time": 1582835847, "high": 1334.8900146484375, "low": 1334.8900146484375, "open": 1334.8900146484375, "close": 1334.8900146484375, "volum": 0}
{"time": 1582835916, "high": 1331.3599853515625, "low": 1331.3599853515625, "open": 1331.3599853515625, "close": 1331.3599853515625, "volum": 0}
{"time": 1582835972, "high": 1331.8699951171875, "low": 1331.8699951171875, "open": 1331.8699951171875, "close": 1331.8699951171875, "volum": 0}
{"time": 1582836040, "high": 1331.760009765625, "low": 1331.760009765625, "open": 1331.760009765625, "close": 1331.760009765625, "volum": 0}
{"time": 1582836101, "high": 1330.1500244140625, "low": 1330.1500244140625, "open": 1330.1500244140625, "close": 1330.1500244140625, "volum": 0}
{"time": 1582836163, "high": 1330.8800048828125, "low": 1330.8800048828125, "open": 1330.8800048828125, "close": 1330.8800048828125, "volum": 0}
{"time": 1582836229, "high": 1330.239990234375, "low": 1330.239990234375, "open": 1330.239990234375, "close": 1330.239990234375, "volum": 0}
{"time": 1582836286, "high": 1329.9000244140625, "low": 1329.9000244140625, "open": 1329.9000244140625, "close": 1329.9000244140625, "volum": 0}
{"time": 1582836352, "high": 1332.6600341796875, "low": 1332.6600341796875, "open": 1332.6600341796875, "close": 1332.6600341796875, "volum": 0}
{"time": 1582836405, "high": 1330.7900390625, "low": 1330.7900390625, "open": 1330.7900390625, "close": 1330.7900390625, "volum": 0}
{"time": 1582836473, "high": 1332.280029296875, "low": 1332.280029296875, "open": 1332.280029296875, "close": 1332.280029296875, "volum": 0}
{"time": 1582836537, "high": 1332.81005859375, "low": 1332.81005859375, "open": 1332.81005859375, "close": 1332.81005859375, "volum": 0}
{"time": 1582836600, "high": 1331.3299560546875, "low": 1331.3299560546875, "open": 1331.3299560546875, "close": 1331.3299560546875, "volum": 0}
{"time": 1582836665, "high": 1326.72998046875, "low": 1326.72998046875, "open": 1326.72998046875, "close": 1326.72998046875, "volum": 0}
{"time": 1582836719, "high": 1326.574951171875, "low": 1326.574951171875, "open": 1326.574951171875, "close": 1326.574951171875, "volum": 0}
{"time": 1582836789, "high": 1325.5699462890625, "low": 1325.5699462890625, "open": 1325.5699462890625, "close": 1325.5699462890625, "volum": 0}
{"time": 1582836849, "high": 1327.969970703125, "low": 1327.969970703125, "open": 1327.969970703125, "close": 1327.969970703125, "volum": 0}
{"time": 1582836910, "high": 1325.52001953125, "low": 1325.52001953125, "open": 1325.52001953125, "close": 1325.52001953125, "volum": 0}
{"time": 1582836975, "high": 1326.5733642578125, "low": 1326.5733642578125, "open": 1326.5733642578125, "close": 1326.5733642578125, "volum": 0}
{"time": 1582837039, "high": 1325.3199462890625, "low": 1325.3199462890625, "open": 1325.3199462890625, "close": 1325.3199462890625, "volum": 0}
{"time": 1582837102, "high": 1322.030029296875, "low": 1322.030029296875, "open": 1322.030029296875, "close": 1322.030029296875, "volum": 0}
{"time": 1582837155, "high": 1321.8199462890625, "low": 1321.8199462890625, "open": 1321.8199462890625, "close": 1321.8199462890625, "volum": 0}
{"time": 1582837140, "high": null, "low": null, "open": null, "close": null, "volum": null}
