{"time": 1582828320, "high": 207.05999755859375, "low": 207.05999755859375, "open": 207.05999755859375, "close": 207.05999755859375, "volum": 0}
{"time": 1582834112, "high": 204.3000030517578, "low": 204.3000030517578, "open": 204.3000030517578, "close": 204.3000030517578, "volum": 0}
{"time": 1582834170, "high": 204.38499450683594, "low": 204.38499450683594, "open": 204.38499450683594, "close": 204.38499450683594, "volum": 0}
{"time": 1582834227, "high": 204.5449981689453, "low": 204.5449981689453, "open": 204.5449981689453, "close": 204.5449981689453, "volum": 0}
{"time": 1582834291, "high": 204.6300048828125, "low": 204.6300048828125, "open": 204.6300048828125, "close": 204.6300048828125, "volum": 0}
{"time": 1582834353, "high": 204.47000122070312, "low": 204.47000122070312, "open": 204.47000122070312, "close": 204.47000122070312, "volum": 0}
{"time": 1582834420, "high": 204.72000122070312, "low": 204.72000122070312, "open": 204.72000122070312, "close": 204.72000122070312, "volum": 0}
{"time": 1582834477, "high": 204.67999267578125, "low": 204.67999267578125, "open": 204.67999267578125, "close": 204.67999267578125, "volum": 0}
{"time": 1582834546, "high": 204.625, "low": 204.625, "open": 204.625, "close": 204.625, "volum": 0}
{"time": 1582834609, "high": 204.5399932861328, "low": 204.5399932861328, "open": 204.5399932861328, "close": 204.5399932861328, "volum": 0}
{"time": 1582834670, "high": 204.67999267578125, "low": 204.67999267578125, "open": 204.67999267578125, "close": 204.67999267578125, "volum": 0}
{"time": 1582834729, "high": 204.5399932861328, "low": 204.5399932861328, "open": 204.5399932861328, "close": 204.5399932861328, "volum": 0}
{"time": 1582834790, "high": 204.30999755859375, "low": 204.30999755859375, "open": 204.30999755859375, "close": 204.30999755859375, "volum": 0}
{"time": 1582834859, "high": 204.3800048828125, "low": 204.3800048828125, "open": 204.3800048828125, "close": 204.3800048828125, "volum": 0}
{"time": 1582834921, "high": 204.26499938964844, "low": 204.26499938964844, "open": 204.26499938964844, "close": 204.26499938964844, "volum": 0}
{"time": 1582834981, "high": 204.1699981689453, "low": 204.1699981689453, "open": 204.1699981689453, "close": 204.1699981689453, "volum": 0}
{"time": 1582835034, "high": 203.9550018310547, "low": 203.9550018310547, "open": 203.9550018310547, "close": 203.9550018310547, "volum": 0}
{"time": 1582835106, "high": 203.97000122070312, "low": 203.97000122070312, "open": 203.97000122070312, "close": 203.97000122070312, "volum": 0}
{"time": 1582835168, "high": 204.1199951171875, "low": 204.1199951171875, "open": 204.1199951171875, "close": 204.1199951171875, "volum": 0}
{"time": 1582835230, "high": 203.92999267578125, "low": 203.92999267578125, "open": 203.92999267578125, "close": 203.92999267578125, "volum": 0}
{"time": 1582835293, "high": 203.8699951171875, "low": 203.8699951171875, "open": 203.8699951171875, "close": 203.8699951171875, "volum": 0}
{"time": 1582835356, "high": 203.77000427246094, "low": 203.77000427246094, "open": 203.77000427246094, "close": 203.77000427246094, "volum": 0}
{"time": 1582835416, "high": 203.6999969482422, "low": 203.6999969482422, "open": 203.6999969482422, "close": 203.6999969482422, "volum": 0}
{"time": 1582835479, "high": 203.65499877929688, "low": 203.65499877929688, "open": 203.65499877929688, "close": 203.65499877929688, "volum": 0}
{"time": 1582835541, "high": 203.50999450683594, "low": 203.50999450683594, "open": 203.50999450683594, "close": 203.50999450683594, "volum": 0}
{"time": 1582835596, "high": 203.60499572753906, "low": 203.60499572753906, "open": 203.60499572753906, "close": 203.60499572753906, "volum": 0}
{"time": 1582835666, "high": 203.77000427246094, "low": 203.77000427246094, "open": 203.77000427246094, "close": 203.77000427246094, "volum": 0}
{"time": 1582835727, "high": 203.77000427246094, "low": 203.77000427246094, "open": 203.77000427246094, "close": 203.77000427246094, "volum": 0}
{"time": 1582835792, "high": 204.0399932861328, "low": 204.0399932861328, "open": 204.0399932861328, "close": 204.0399932861328, "volum": 0}
{"time": 1582835855, "high": 203.99249267578125, "low": 203.99249267578125, "open": 203.99249267578125, "close": 203.99249267578125, "volum": 0}
{"time": 1582835914, "high": 203.9427947998047, "low": 203.9427947998047, "open": 203.9427947998047, "close": 203.9427947998047, "volum": 0}
{"time": 1582835978, "high": 203.89999389648438, "low": 203.89999389648438, "open": 203.89999389648438, "close": 203.89999389648438, "volum": 0}
{"time": 1582836034, "high": 203.6199951171875, "low": 203.6199951171875, "open": 203.6199951171875, "close": 203.6199951171875, "volum": 0}
{"time": 1582836103, "high": 203.4600067138672, "low": 203.4600067138672, "open": 203.4600067138672, "close": 203.4600067138672, "volum": 0}
{"time": 1582836167, "high": 203.36000061035156, "low": 203.36000061035156, "open": 203.36000061035156, "close": 203.36000061035156, "volum": 0}
{"time": 1582836229, "high": 203.16000366210938, "low": 203.16000366210938, "open": 203.16000366210938, "close": 203.16000366210938, "volum": 0}
{"time": 1582836289, "high": 203.1300048828125, "low": 203.1300048828125, "open": 203.1300048828125, "close": 203.1300048828125, "volum": 0}
{"time": 1582836352, "high": 203.25, "low": 203.25, "open": 203.25, "close": 203.25, "volum": 0}
{"time": 1582836415, "high": 203.02999877929688, "low": 203.02999877929688, "open": 203.02999877929688, "close": 203.02999877929688, "volum": 0}
{"time": 1582836478, "high": 203.41000366210938, "low": 203.41000366210938, "open": 203.41000366210938, "close": 203.41000366210938, "volum": 0}
{"time": 1582836541, "high": 203.24000549316406, "low": 203.24000549316406, "open": 203.24000549316406, "close": 203.24000549316406, "volum": 0}
{"time": 1582836600, "high": 203.1699981689453, "low": 203.1699981689453, "open": 203.1699981689453, "close": 203.1699981689453, "volum": 0}
{"time": 1582836663, "high": 202.66000366210938, "low": 202.66000366210938, "open": 202.66000366210938, "close": 202.66000366210938, "volum": 0}
{"time": 1582836719, "high": 202.35000610351562, "low": 202.35000610351562, "open": 202.35000610351562, "close": 202.35000610351562, "volum": 0}
{"time": 1582836787, "high": 202.1199951171875, "low": 202.1199951171875, "open": 202.1199951171875, "close": 202.1199951171875, "volum": 0}
{"time": 1582836846, "high": 201.85000610351562, "low": 201.85000610351562, "open": 201.85000610351562, "close": 201.85000610351562, "volum": 0}
{"time": 1582836912, "high": 201.83999633789062, "low": 201.83999633789062, "open": 201.83999633789062, "close": 201.83999633789062, "volum": 0}
{"time": 1582836977, "high": 201.80999755859375, "low": 201.80999755859375, "open": 201.80999755859375, "close": 201.80999755859375, "volum": 0}
{"time": 1582837040, "high": 201.46499633789062, "low": 201.46499633789062, "open": 201.46499633789062, "close": 201.46499633789062, "volum": 0}
{"time": 1582837102, "high": 201.08999633789062, "low": 201.08999633789062, "open": 201.08999633789062, "close": 201.08999633789062, "volum": 0}
{"time": 1582837156, "high": 201.41000366210938, "low": 201.41000366210938, "open": 201.41000366210938, "close": 201.41000366210938, "volum": 0}
{"time": 1582837140, "high": null, "low": null, "open": null, "close": null, "volum": null}
