{"time": 1582828320, "high": 207.05999755859375, "low": 207.05999755859375, "open": 207.05999755859375, "close": 207.05999755859375, "volum": 0}
