{"time": 1582828324, "high": 164.94000244140625, "low": 164.94000244140625, "open": 164.94000244140625, "close": 164.94000244140625, "volum": 0}
