{"time": 1582828324, "high": 164.94000244140625, "low": 164.94000244140625, "open": 164.94000244140625, "close": 164.94000244140625, "volum": 0}
{"time": 1582834114, "high": 162.2100067138672, "low": 162.2100067138672, "open": 162.2100067138672, "close": 162.2100067138672, "volum": 0}
{"time": 1582834171, "high": 162.17999267578125, "low": 162.17999267578125, "open": 162.17999267578125, "close": 162.17999267578125, "volum": 0}
{"time": 1582834228, "high": 162.4949951171875, "low": 162.4949951171875, "open": 162.4949951171875, "close": 162.4949951171875, "volum": 0}
{"time": 1582834292, "high": 162.49000549316406, "low": 162.49000549316406, "open": 162.49000549316406, "close": 162.49000549316406, "volum": 0}
{"time": 1582834358, "high": 162.49000549316406, "low": 162.49000549316406, "open": 162.49000549316406, "close": 162.49000549316406, "volum": 0}
{"time": 1582834422, "high": 162.47999572753906, "low": 162.47999572753906, "open": 162.47999572753906, "close": 162.47999572753906, "volum": 0}
{"time": 1582834481, "high": 162.3520050048828, "low": 162.3520050048828, "open": 162.3520050048828, "close": 162.3520050048828, "volum": 0}
{"time": 1582834546, "high": 162.0500030517578, "low": 162.0500030517578, "open": 162.0500030517578, "close": 162.0500030517578, "volum": 0}
{"time": 1582834609, "high": 162.02999877929688, "low": 162.02999877929688, "open": 162.02999877929688, "close": 162.02999877929688, "volum": 0}
{"time": 1582834671, "high": 162.07000732421875, "low": 162.07000732421875, "open": 162.07000732421875, "close": 162.07000732421875, "volum": 0}
{"time": 1582834733, "high": 161.89999389648438, "low": 161.89999389648438, "open": 161.89999389648438, "close": 161.89999389648438, "volum": 0}
{"time": 1582834796, "high": 161.61000061035156, "low": 161.61000061035156, "open": 161.61000061035156, "close": 161.61000061035156, "volum": 0}
{"time": 1582834837, "high": 161.72909545898438, "low": 161.72909545898438, "open": 161.72909545898438, "close": 161.72909545898438, "volum": 0}
{"time": 1582834921, "high": 161.55999755859375, "low": 161.55999755859375, "open": 161.55999755859375, "close": 161.55999755859375, "volum": 0}
{"time": 1582834981, "high": 161.64999389648438, "low": 161.64999389648438, "open": 161.64999389648438, "close": 161.64999389648438, "volum": 0}
{"time": 1582835044, "high": 161.4199981689453, "low": 161.4199981689453, "open": 161.4199981689453, "close": 161.4199981689453, "volum": 0}
{"time": 1582835108, "high": 161.4199981689453, "low": 161.4199981689453, "open": 161.4199981689453, "close": 161.4199981689453, "volum": 0}
{"time": 1582835170, "high": 161.68040466308594, "low": 161.68040466308594, "open": 161.68040466308594, "close": 161.68040466308594, "volum": 0}
{"time": 1582835232, "high": 161.43499755859375, "low": 161.43499755859375, "open": 161.43499755859375, "close": 161.43499755859375, "volum": 0}
{"time": 1582835294, "high": 161.36000061035156, "low": 161.36000061035156, "open": 161.36000061035156, "close": 161.36000061035156, "volum": 0}
{"time": 1582835357, "high": 161.22000122070312, "low": 161.22000122070312, "open": 161.22000122070312, "close": 161.22000122070312, "volum": 0}
{"time": 1582835419, "high": 161.05999755859375, "low": 161.05999755859375, "open": 161.05999755859375, "close": 161.05999755859375, "volum": 0}
{"time": 1582835481, "high": 161.05999755859375, "low": 161.05999755859375, "open": 161.05999755859375, "close": 161.05999755859375, "volum": 0}
{"time": 1582835544, "high": 160.97999572753906, "low": 160.97999572753906, "open": 160.97999572753906, "close": 160.97999572753906, "volum": 0}
{"time": 1582835607, "high": 161.09300231933594, "low": 161.09300231933594, "open": 161.09300231933594, "close": 161.09300231933594, "volum": 0}
{"time": 1582835669, "high": 161.47000122070312, "low": 161.47000122070312, "open": 161.47000122070312, "close": 161.47000122070312, "volum": 0}
{"time": 1582835731, "high": 161.1999969482422, "low": 161.1999969482422, "open": 161.1999969482422, "close": 161.1999969482422, "volum": 0}
{"time": 1582835793, "high": 160.97500610351562, "low": 160.97500610351562, "open": 160.97500610351562, "close": 160.97500610351562, "volum": 0}
{"time": 1582835856, "high": 160.8249969482422, "low": 160.8249969482422, "open": 160.8249969482422, "close": 160.8249969482422, "volum": 0}
{"time": 1582835918, "high": 160.39999389648438, "low": 160.39999389648438, "open": 160.39999389648438, "close": 160.39999389648438, "volum": 0}
{"time": 1582835981, "high": 160.4971923828125, "low": 160.4971923828125, "open": 160.4971923828125, "close": 160.4971923828125, "volum": 0}
{"time": 1582836043, "high": 160.1300048828125, "low": 160.1300048828125, "open": 160.1300048828125, "close": 160.1300048828125, "volum": 0}
{"time": 1582836093, "high": 160.25999450683594, "low": 160.25999450683594, "open": 160.25999450683594, "close": 160.25999450683594, "volum": 0}
{"time": 1582836169, "high": 160.02000427246094, "low": 160.02000427246094, "open": 160.02000427246094, "close": 160.02000427246094, "volum": 0}
{"time": 1582836216, "high": 160.1699981689453, "low": 160.1699981689453, "open": 160.1699981689453, "close": 160.1699981689453, "volum": 0}
{"time": 1582836292, "high": 160.17999267578125, "low": 160.17999267578125, "open": 160.17999267578125, "close": 160.17999267578125, "volum": 0}
{"time": 1582836356, "high": 160.7899932861328, "low": 160.7899932861328, "open": 160.7899932861328, "close": 160.7899932861328, "volum": 0}
{"time": 1582836416, "high": 160.27000427246094, "low": 160.27000427246094, "open": 160.27000427246094, "close": 160.27000427246094, "volum": 0}
{"time": 1582836480, "high": 160.50999450683594, "low": 160.50999450683594, "open": 160.50999450683594, "close": 160.50999450683594, "volum": 0}
{"time": 1582836542, "high": 160.4199981689453, "low": 160.4199981689453, "open": 160.4199981689453, "close": 160.4199981689453, "volum": 0}
{"time": 1582836600, "high": 160.27999877929688, "low": 160.27999877929688, "open": 160.27999877929688, "close": 160.27999877929688, "volum": 0}
{"time": 1582836667, "high": 159.7449951171875, "low": 159.7449951171875, "open": 159.7449951171875, "close": 159.7449951171875, "volum": 0}
{"time": 1582836722, "high": 159.3699951171875, "low": 159.3699951171875, "open": 159.3699951171875, "close": 159.3699951171875, "volum": 0}
{"time": 1582836791, "high": 159.08999633789062, "low": 159.08999633789062, "open": 159.08999633789062, "close": 159.08999633789062, "volum": 0}
{"time": 1582836853, "high": 159.11000061035156, "low": 159.11000061035156, "open": 159.11000061035156, "close": 159.11000061035156, "volum": 0}
{"time": 1582836916, "high": 159.1027069091797, "low": 159.1027069091797, "open": 159.1027069091797, "close": 159.1027069091797, "volum": 0}
{"time": 1582836977, "high": 159.47500610351562, "low": 159.47500610351562, "open": 159.47500610351562, "close": 159.47500610351562, "volum": 0}
{"time": 1582837041, "high": 159.16000366210938, "low": 159.16000366210938, "open": 159.16000366210938, "close": 159.16000366210938, "volum": 0}
{"time": 1582837103, "high": 158.52000427246094, "low": 158.52000427246094, "open": 158.52000427246094, "close": 158.52000427246094, "volum": 0}
{"time": 1582837146, "high": 158.72000122070312, "low": 158.72000122070312, "open": 158.72000122070312, "close": 158.72000122070312, "volum": 0}
{"time": 1582837140, "high": 158.8249969482422, "low": 157.97999572753906, "open": 158.5399932861328, "close": 158.00999450683594, "volum": 1622748}
