{"time": 1582828325, "high": 263.0545959472656, "low": 263.0545959472656, "open": 263.0545959472656, "close": 263.0545959472656, "volum": 0}
{"time": 1582834114, "high": 260.5, "low": 260.5, "open": 260.5, "close": 260.5, "volum": 0}
{"time": 1582834170, "high": 260.4849853515625, "low": 260.4849853515625, "open": 260.4849853515625, "close": 260.4849853515625, "volum": 0}
{"time": 1582834226, "high": 261.19000244140625, "low": 261.19000244140625, "open": 261.19000244140625, "close": 261.19000244140625, "volum": 0}
{"time": 1582834291, "high": 261.1099853515625, "low": 261.1099853515625, "open": 261.1099853515625, "close": 261.1099853515625, "volum": 0}
{"time": 1582834357, "high": 261.21051025390625, "low": 261.21051025390625, "open": 261.21051025390625, "close": 261.21051025390625, "volum": 0}
{"time": 1582834419, "high": 261.6099853515625, "low": 261.6099853515625, "open": 261.6099853515625, "close": 261.6099853515625, "volum": 0}
{"time": 1582834474, "high": 261.2149963378906, "low": 261.2149963378906, "open": 261.2149963378906, "close": 261.2149963378906, "volum": 0}
{"time": 1582834545, "high": 260.785400390625, "low": 260.785400390625, "open": 260.785400390625, "close": 260.785400390625, "volum": 0}
{"time": 1582834607, "high": 260.69500732421875, "low": 260.69500732421875, "open": 260.69500732421875, "close": 260.69500732421875, "volum": 0}
{"time": 1582834670, "high": 260.7200012207031, "low": 260.7200012207031, "open": 260.7200012207031, "close": 260.7200012207031, "volum": 0}
{"time": 1582834733, "high": 260.45001220703125, "low": 260.45001220703125, "open": 260.45001220703125, "close": 260.45001220703125, "volum": 0}
{"time": 1582834793, "high": 259.7699890136719, "low": 259.7699890136719, "open": 259.7699890136719, "close": 259.7699890136719, "volum": 0}
{"time": 1582834850, "high": 260.30499267578125, "low": 260.30499267578125, "open": 260.30499267578125, "close": 260.30499267578125, "volum": 0}
{"time": 1582834920, "high": 260.0199890136719, "low": 260.0199890136719, "open": 260.0199890136719, "close": 260.0199890136719, "volum": 0}
{"time": 1582834982, "high": 259.8900146484375, "low": 259.8900146484375, "open": 259.8900146484375, "close": 259.8900146484375, "volum": 0}
{"time": 1582835044, "high": 259.5199890136719, "low": 259.5199890136719, "open": 259.5199890136719, "close": 259.5199890136719, "volum": 0}
{"time": 1582835107, "high": 259.5137023925781, "low": 259.5137023925781, "open": 259.5137023925781, "close": 259.5137023925781, "volum": 0}
{"time": 1582835167, "high": 259.7799987792969, "low": 259.7799987792969, "open": 259.7799987792969, "close": 259.7799987792969, "volum": 0}
{"time": 1582835230, "high": 259.04998779296875, "low": 259.04998779296875, "open": 259.04998779296875, "close": 259.04998779296875, "volum": 0}
{"time": 1582835293, "high": 258.739990234375, "low": 258.739990234375, "open": 258.739990234375, "close": 258.739990234375, "volum": 0}
{"time": 1582835354, "high": 258.7900085449219, "low": 258.7900085449219, "open": 258.7900085449219, "close": 258.7900085449219, "volum": 0}
{"time": 1582835419, "high": 258.4200134277344, "low": 258.4200134277344, "open": 258.4200134277344, "close": 258.4200134277344, "volum": 0}
{"time": 1582835480, "high": 258.31500244140625, "low": 258.31500244140625, "open": 258.31500244140625, "close": 258.31500244140625, "volum": 0}
{"time": 1582835544, "high": 258.3450012207031, "low": 258.3450012207031, "open": 258.3450012207031, "close": 258.3450012207031, "volum": 0}
{"time": 1582835604, "high": 258.3599853515625, "low": 258.3599853515625, "open": 258.3599853515625, "close": 258.3599853515625, "volum": 0}
{"time": 1582835668, "high": 259.0199890136719, "low": 259.0199890136719, "open": 259.0199890136719, "close": 259.0199890136719, "volum": 0}
{"time": 1582835730, "high": 258.8399963378906, "low": 258.8399963378906, "open": 258.8399963378906, "close": 258.8399963378906, "volum": 0}
{"time": 1582835791, "high": 258.9800109863281, "low": 258.9800109863281, "open": 258.9800109863281, "close": 258.9800109863281, "volum": 0}
{"time": 1582835854, "high": 258.8900146484375, "low": 258.8900146484375, "open": 258.8900146484375, "close": 258.8900146484375, "volum": 0}
{"time": 1582835916, "high": 258.3299865722656, "low": 258.3299865722656, "open": 258.3299865722656, "close": 258.3299865722656, "volum": 0}
{"time": 1582835979, "high": 258.2799987792969, "low": 258.2799987792969, "open": 258.2799987792969, "close": 258.2799987792969, "volum": 0}
{"time": 1582836041, "high": 257.5474853515625, "low": 257.5474853515625, "open": 257.5474853515625, "close": 257.5474853515625, "volum": 0}
{"time": 1582836103, "high": 257.3399963378906, "low": 257.3399963378906, "open": 257.3399963378906, "close": 257.3399963378906, "volum": 0}
{"time": 1582836167, "high": 257.1199951171875, "low": 257.1199951171875, "open": 257.1199951171875, "close": 257.1199951171875, "volum": 0}
{"time": 1582836228, "high": 257.29998779296875, "low": 257.29998779296875, "open": 257.29998779296875, "close": 257.29998779296875, "volum": 0}
{"time": 1582836291, "high": 257.42999267578125, "low": 257.42999267578125, "open": 257.42999267578125, "close": 257.42999267578125, "volum": 0}
{"time": 1582836355, "high": 257.4949951171875, "low": 257.4949951171875, "open": 257.4949951171875, "close": 257.4949951171875, "volum": 0}
{"time": 1582836416, "high": 256.5397033691406, "low": 256.5397033691406, "open": 256.5397033691406, "close": 256.5397033691406, "volum": 0}
{"time": 1582836478, "high": 257.8835144042969, "low": 257.8835144042969, "open": 257.8835144042969, "close": 257.8835144042969, "volum": 0}
{"time": 1582836541, "high": 257.3299865722656, "low": 257.3299865722656, "open": 257.3299865722656, "close": 257.3299865722656, "volum": 0}
{"time": 1582836600, "high": 256.6000061035156, "low": 256.6000061035156, "open": 256.6000061035156, "close": 256.6000061035156, "volum": 0}
{"time": 1582836666, "high": 255.47000122070312, "low": 255.47000122070312, "open": 255.47000122070312, "close": 255.47000122070312, "volum": 0}
{"time": 1582836720, "high": 255.16000366210938, "low": 255.16000366210938, "open": 255.16000366210938, "close": 255.16000366210938, "volum": 0}
{"time": 1582836789, "high": 254.66000366210938, "low": 254.66000366210938, "open": 254.66000366210938, "close": 254.66000366210938, "volum": 0}
{"time": 1582836850, "high": 254.39500427246094, "low": 254.39500427246094, "open": 254.39500427246094, "close": 254.39500427246094, "volum": 0}
{"time": 1582836914, "high": 255.08999633789062, "low": 255.08999633789062, "open": 255.08999633789062, "close": 255.08999633789062, "volum": 0}
{"time": 1582836977, "high": 254.49000549316406, "low": 254.49000549316406, "open": 254.49000549316406, "close": 254.49000549316406, "volum": 0}
{"time": 1582837040, "high": 254.27999877929688, "low": 254.27999877929688, "open": 254.27999877929688, "close": 254.27999877929688, "volum": 0}
{"time": 1582837101, "high": 253.7100067138672, "low": 253.7100067138672, "open": 253.7100067138672, "close": 253.7100067138672, "volum": 0}
{"time": 1582837156, "high": 253.75, "low": 253.75, "open": 253.75, "close": 253.75, "volum": 0}
{"time": 1582837140, "high": null, "low": null, "open": null, "close": null, "volum": null}
