{"time": 1582828325, "high": 263.0545959472656, "low": 263.0545959472656, "open": 263.0545959472656, "close": 263.0545959472656, "volum": 0}
