{"time": 1582828301, "high": 62.31999969482422, "low": 62.31999969482422, "open": 62.31999969482422, "close": 62.31999969482422, "volum": 0}
