{"time": 1582828301, "high": 62.31999969482422, "low": 62.31999969482422, "open": 62.31999969482422, "close": 62.31999969482422, "volum": 0}
{"time": 1582834103, "high": 61.75, "low": 61.75, "open": 61.75, "close": 61.75, "volum": 0}
{"time": 1582834164, "high": 61.79999923706055, "low": 61.79999923706055, "open": 61.79999923706055, "close": 61.79999923706055, "volum": 0}
{"time": 1582834222, "high": 61.869998931884766, "low": 61.869998931884766, "open": 61.869998931884766, "close": 61.869998931884766, "volum": 0}
{"time": 1582834290, "high": 61.86000061035156, "low": 61.86000061035156, "open": 61.86000061035156, "close": 61.86000061035156, "volum": 0}
{"time": 1582834327, "high": 61.869998931884766, "low": 61.869998931884766, "open": 61.869998931884766, "close": 61.869998931884766, "volum": 0}
{"time": 1582834422, "high": 61.880001068115234, "low": 61.880001068115234, "open": 61.880001068115234, "close": 61.880001068115234, "volum": 0}
{"time": 1582834433, "high": 61.880001068115234, "low": 61.880001068115234, "open": 61.880001068115234, "close": 61.880001068115234, "volum": 0}
{"time": 1582834542, "high": 61.86000061035156, "low": 61.86000061035156, "open": 61.86000061035156, "close": 61.86000061035156, "volum": 0}
{"time": 1582834576, "high": 61.83399963378906, "low": 61.83399963378906, "open": 61.83399963378906, "close": 61.83399963378906, "volum": 0}
{"time": 1582834626, "high": 61.849998474121094, "low": 61.849998474121094, "open": 61.849998474121094, "close": 61.849998474121094, "volum": 0}
{"time": 1582834733, "high": 61.81999969482422, "low": 61.81999969482422, "open": 61.81999969482422, "close": 61.81999969482422, "volum": 0}
{"time": 1582834792, "high": 61.72999954223633, "low": 61.72999954223633, "open": 61.72999954223633, "close": 61.72999954223633, "volum": 0}
{"time": 1582834847, "high": 61.7400016784668, "low": 61.7400016784668, "open": 61.7400016784668, "close": 61.7400016784668, "volum": 0}
{"time": 1582834907, "high": 61.71200180053711, "low": 61.71200180053711, "open": 61.71200180053711, "close": 61.71200180053711, "volum": 0}
{"time": 1582834980, "high": null, "low": null, "open": null, "close": null, "volum": null}
{"time": 1582835038, "high": 61.66999816894531, "low": 61.66999816894531, "open": 61.66999816894531, "close": 61.66999816894531, "volum": 0}
{"time": 1582835082, "high": 61.689998626708984, "low": 61.689998626708984, "open": 61.689998626708984, "close": 61.689998626708984, "volum": 0}
{"time": 1582835153, "high": 61.68000030517578, "low": 61.68000030517578, "open": 61.68000030517578, "close": 61.68000030517578, "volum": 0}
{"time": 1582835220, "high": null, "low": null, "open": null, "close": null, "volum": null}
{"time": 1582835289, "high": 61.625, "low": 61.625, "open": 61.625, "close": 61.625, "volum": 0}
{"time": 1582835333, "high": 61.630001068115234, "low": 61.630001068115234, "open": 61.630001068115234, "close": 61.630001068115234, "volum": 0}
{"time": 1582835399, "high": 61.619998931884766, "low": 61.619998931884766, "open": 61.619998931884766, "close": 61.619998931884766, "volum": 0}
{"time": 1582835482, "high": 61.56999969482422, "low": 61.56999969482422, "open": 61.56999969482422, "close": 61.56999969482422, "volum": 0}
{"time": 1582835543, "high": 61.529998779296875, "low": 61.529998779296875, "open": 61.529998779296875, "close": 61.529998779296875, "volum": 0}
{"time": 1582835594, "high": 61.5, "low": 61.5, "open": 61.5, "close": 61.5, "volum": 0}
{"time": 1582835669, "high": 61.57500076293945, "low": 61.57500076293945, "open": 61.57500076293945, "close": 61.57500076293945, "volum": 0}
{"time": 1582835720, "high": 61.47999954223633, "low": 61.47999954223633, "open": 61.47999954223633, "close": 61.47999954223633, "volum": 0}
{"time": 1582835782, "high": 61.47999954223633, "low": 61.47999954223633, "open": 61.47999954223633, "close": 61.47999954223633, "volum": 0}
{"time": 1582835839, "high": 61.4900016784668, "low": 61.4900016784668, "open": 61.4900016784668, "close": 61.4900016784668, "volum": 0}
{"time": 1582835888, "high": 61.415000915527344, "low": 61.415000915527344, "open": 61.415000915527344, "close": 61.415000915527344, "volum": 0}
{"time": 1582835978, "high": 61.380001068115234, "low": 61.380001068115234, "open": 61.380001068115234, "close": 61.380001068115234, "volum": 0}
{"time": 1582836032, "high": 61.36000061035156, "low": 61.36000061035156, "open": 61.36000061035156, "close": 61.36000061035156, "volum": 0}
{"time": 1582836097, "high": 61.31999969482422, "low": 61.31999969482422, "open": 61.31999969482422, "close": 61.31999969482422, "volum": 0}
{"time": 1582836167, "high": 61.279998779296875, "low": 61.279998779296875, "open": 61.279998779296875, "close": 61.279998779296875, "volum": 0}
{"time": 1582836225, "high": 61.2599983215332, "low": 61.2599983215332, "open": 61.2599983215332, "close": 61.2599983215332, "volum": 0}
{"time": 1582836289, "high": 61.290000915527344, "low": 61.290000915527344, "open": 61.290000915527344, "close": 61.290000915527344, "volum": 0}
{"time": 1582836355, "high": 61.32500076293945, "low": 61.32500076293945, "open": 61.32500076293945, "close": 61.32500076293945, "volum": 0}
{"time": 1582836416, "high": 61.33000183105469, "low": 61.33000183105469, "open": 61.33000183105469, "close": 61.33000183105469, "volum": 0}
{"time": 1582836475, "high": 61.38999938964844, "low": 61.38999938964844, "open": 61.38999938964844, "close": 61.38999938964844, "volum": 0}
{"time": 1582836529, "high": 61.349998474121094, "low": 61.349998474121094, "open": 61.349998474121094, "close": 61.349998474121094, "volum": 0}
{"time": 1582836601, "high": 61.30009841918945, "low": 61.30009841918945, "open": 61.30009841918945, "close": 61.30009841918945, "volum": 0}
{"time": 1582836666, "high": 61.220001220703125, "low": 61.220001220703125, "open": 61.220001220703125, "close": 61.220001220703125, "volum": 0}
{"time": 1582836710, "high": 61.189998626708984, "low": 61.189998626708984, "open": 61.189998626708984, "close": 61.189998626708984, "volum": 0}
{"time": 1582836790, "high": 61.1150016784668, "low": 61.1150016784668, "open": 61.1150016784668, "close": 61.1150016784668, "volum": 0}
{"time": 1582836851, "high": 61.029998779296875, "low": 61.029998779296875, "open": 61.029998779296875, "close": 61.029998779296875, "volum": 0}
{"time": 1582836915, "high": 61.03499984741211, "low": 61.03499984741211, "open": 61.03499984741211, "close": 61.03499984741211, "volum": 0}
{"time": 1582836973, "high": 61.05500030517578, "low": 61.05500030517578, "open": 61.05500030517578, "close": 61.05500030517578, "volum": 0}
{"time": 1582837041, "high": 61.09000015258789, "low": 61.09000015258789, "open": 61.09000015258789, "close": 61.09000015258789, "volum": 0}
{"time": 1582837101, "high": 60.97999954223633, "low": 60.97999954223633, "open": 60.97999954223633, "close": 60.97999954223633, "volum": 0}
{"time": 1582837158, "high": 60.88999938964844, "low": 60.88999938964844, "open": 60.88999938964844, "close": 60.88999938964844, "volum": 0}
{"time": 1582837140, "high": null, "low": null, "open": null, "close": null, "volum": null}
