{"time": 1582828321, "high": 705.1696166992188, "low": 705.1696166992188, "open": 705.1696166992188, "close": 705.1696166992188, "volum": 0}
